"Adaptogenic Cafe Latte,0 mL"
"Adaptogenic Mocha Latte,0 mL"
"Celery,300 mL"
"Deep Roots,300 mL"
"Farma-C,300 mL"
"Gatsby,300 mL"
"Genius,300 mL"
"Ginger Apple Crips,300 mL"
"Ginger-Aid+,300 mL"
"Rose,300 mL"
"The Giver,300 mL"
"The Good,300 mL"
"The Stranger,300 mL"
"Wing Man,300 mL"
"Blue Lemonade,300 mL"
"Fiery Ginger Lemonade,300 mL"
"Lavender Lemonade,300 mL"
"Spicy Turmeric Lemonade,300 mL"
"Strawberry Lemonade,300 mL"
"Almondmilk,300 mL"
"Almondmilk - Unsweetened,300 mL"
"Holiday Nog,0 mL"
"Oat Creamer - Unsweetened,0 mL"
"Oat Creamer,0 mL"
"Oatmilk,0 mL"
"Oatmlik - Unsweetened,0 mL"
"Pumpkin Spcice Oatmilk,0 mL"
"Easy Greens Super Smoothie,300 mL"
"Marvelous Mango Super Smoothie,300 mL"
"Chocolate Protein Shake,300 mL"
"Coffee Protein Shake,300 mL"
"Matcha Protein Shake,300 mL"
"Rococoa,300 mL"
"Vanilla Almond Protein Shake,300 mL"
"Blood Orange & Hibiscus Probiotic Sparkling Water,355 mL"
"Blueberry & Elderflower Probiotic Sparkling Water,355 mL"
"Citrus Cayenne Kombucha,325 mL"
"Clarify Dandelion Sparkling Phytotonic,355 mL"
"Clarify Sparkling Phytotonic Can,355 mL"
"Cranberry Kombucha,325 mL"
"Ginger Beer,325 mL"
"Ginger Turmeric  Kombucha,325 mL"
"Ginger Turmeric Kombucha,325 mL"
"Grapefruit Kombucha,325 mL"
"Grapefruit Yuzu & Rosemary Probiotic Sparkling Water,355 mL"
"Lime Lemongrass Kombucha,325 mL"
"Ultraviolet  Kombucha,325 mL"
"Ultraviolet Kombucha,325 mL"
"Unwind Passionflower Sparkling Phytotonic,355 mL"
"Uplift Ashwagandha Sparkling Phytotonic,355 mL"
"Uplift Sparkling Phytotonic Can,355 mL"
"Variety Pack Probiotic Sparkling Water,355 mL"
"Clarify Dandelion Phytotonic Booster,60 mL"
"Detox,60 mL"
"Everyday Greens,60 mL"
"Farma-C+,60 mL"
"Fiery Ginger,60 mL"
"Fiery Ginger Shot Box,60 mL"
"Flu Shot,60 mL"
"Ginger Defence,60 mL"
"Glow,60 mL"
"Green Ritual,60 mL"
"Immunity Booster Kit,60 mL"
"Immunity Variety Pack,60 mL"
"Inside Job,60 mL"
"Lullaby,60 mL"
"Memoir,60 mL"
"Mood Shine,60 mL"
"Multipack,60 mL"
"Pick-Me-Up,60 mL"
"Power-Up Mushroom,60 mL"
"Smart Energy,60 mL"
